{
  "MAE": 7201.398714438874,
  "RMSE": 12467.88197214659,
  "R2": 0.8540531280807556,
  "MAPE": 18.820458617326192,
  "MAE_log": 0.18088763215162962,
  "RMSE_log": 0.24454336477724717,
  "R2_log": 0.8574353107021352
}