{
  "MAE": 7533.343036321108,
  "RMSE": 13347.814143142987,
  "R2": 0.8327255047107744,
  "MAPE": 19.87693562595502,
  "MAE_log": 0.19018759320143994,
  "RMSE_log": 0.2626007568086596,
  "R2_log": 0.8356036573206475
}