{
  "MAE": 7600.9135936758785,
  "RMSE": 13081.684232290105,
  "R2": 0.8393292761765847,
  "MAPE": 19.760811828723547,
  "MAE_log": 0.1907983767540815,
  "RMSE_log": 0.25785002810847657,
  "R2_log": 0.8414980640846039
}